[     121ms] [WARNING]           
        ************************************************************
        *                                                          *
        *  WARNING: Running SQL directly from the browser can have *
        *  security implications. Even if your database is         *
        *  protected by Row-Level Security (RLS), use it at your   *
        *  own risk. This approach is great for fast prototyping,  *
        *  but ensure proper safeguards are in place to prevent    *
        *  misuse or execution of expensive SQL queries by your    *
        *  end users.                                              *
        *                                                          *
        *  If you've assessed the risks, suppress this message     *
        *  using the disableWarningInBrowsers configuration        *
        *  parameter.                                              *
        *                                                          *
        ************************************************************ @ http://localhost:4323/node_modules/.vite/deps/@neondatabase_serverless.js?v=7c5e1c19:4881
[     121ms] [WARNING]           
        ************************************************************
        *                                                          *
        *  WARNING: Running SQL directly from the browser can have *
        *  security implications. Even if your database is         *
        *  protected by Row-Level Security (RLS), use it at your   *
        *  own risk. This approach is great for fast prototyping,  *
        *  but ensure proper safeguards are in place to prevent    *
        *  misuse or execution of expensive SQL queries by your    *
        *  end users.                                              *
        *                                                          *
        *  If you've assessed the risks, suppress this message     *
        *  using the disableWarningInBrowsers configuration        *
        *  parameter.                                              *
        *                                                          *
        ************************************************************ @ http://localhost:4323/node_modules/.vite/deps/@neondatabase_serverless.js?v=7c5e1c19:4881
[     121ms] [WARNING]           
        ************************************************************
        *                                                          *
        *  WARNING: Running SQL directly from the browser can have *
        *  security implications. Even if your database is         *
        *  protected by Row-Level Security (RLS), use it at your   *
        *  own risk. This approach is great for fast prototyping,  *
        *  but ensure proper safeguards are in place to prevent    *
        *  misuse or execution of expensive SQL queries by your    *
        *  end users.                                              *
        *                                                          *
        *  If you've assessed the risks, suppress this message     *
        *  using the disableWarningInBrowsers configuration        *
        *  parameter.                                              *
        *                                                          *
        ************************************************************ @ http://localhost:4323/node_modules/.vite/deps/@neondatabase_serverless.js?v=7c5e1c19:4881
[     122ms] [WARNING]           
        ************************************************************
        *                                                          *
        *  WARNING: Running SQL directly from the browser can have *
        *  security implications. Even if your database is         *
        *  protected by Row-Level Security (RLS), use it at your   *
        *  own risk. This approach is great for fast prototyping,  *
        *  but ensure proper safeguards are in place to prevent    *
        *  misuse or execution of expensive SQL queries by your    *
        *  end users.                                              *
        *                                                          *
        *  If you've assessed the risks, suppress this message     *
        *  using the disableWarningInBrowsers configuration        *
        *  parameter.                                              *
        *                                                          *
        ************************************************************ @ http://localhost:4323/node_modules/.vite/deps/@neondatabase_serverless.js?v=7c5e1c19:4881
[     361ms] [WARNING]           
        ************************************************************
        *                                                          *
        *  WARNING: Running SQL directly from the browser can have *
        *  security implications. Even if your database is         *
        *  protected by Row-Level Security (RLS), use it at your   *
        *  own risk. This approach is great for fast prototyping,  *
        *  but ensure proper safeguards are in place to prevent    *
        *  misuse or execution of expensive SQL queries by your    *
        *  end users.                                              *
        *                                                          *
        *  If you've assessed the risks, suppress this message     *
        *  using the disableWarningInBrowsers configuration        *
        *  parameter.                                              *
        *                                                          *
        ************************************************************ @ http://localhost:4323/node_modules/.vite/deps/@neondatabase_serverless.js?v=7c5e1c19:4881
[     362ms] [WARNING]           
        ************************************************************
        *                                                          *
        *  WARNING: Running SQL directly from the browser can have *
        *  security implications. Even if your database is         *
        *  protected by Row-Level Security (RLS), use it at your   *
        *  own risk. This approach is great for fast prototyping,  *
        *  but ensure proper safeguards are in place to prevent    *
        *  misuse or execution of expensive SQL queries by your    *
        *  end users.                                              *
        *                                                          *
        *  If you've assessed the risks, suppress this message     *
        *  using the disableWarningInBrowsers configuration        *
        *  parameter.                                              *
        *                                                          *
        ************************************************************ @ http://localhost:4323/node_modules/.vite/deps/@neondatabase_serverless.js?v=7c5e1c19:4881
[     362ms] [WARNING]           
        ************************************************************
        *                                                          *
        *  WARNING: Running SQL directly from the browser can have *
        *  security implications. Even if your database is         *
        *  protected by Row-Level Security (RLS), use it at your   *
        *  own risk. This approach is great for fast prototyping,  *
        *  but ensure proper safeguards are in place to prevent    *
        *  misuse or execution of expensive SQL queries by your    *
        *  end users.                                              *
        *                                                          *
        *  If you've assessed the risks, suppress this message     *
        *  using the disableWarningInBrowsers configuration        *
        *  parameter.                                              *
        *                                                          *
        ************************************************************ @ http://localhost:4323/node_modules/.vite/deps/@neondatabase_serverless.js?v=7c5e1c19:4881
[     362ms] [WARNING]           
        ************************************************************
        *                                                          *
        *  WARNING: Running SQL directly from the browser can have *
        *  security implications. Even if your database is         *
        *  protected by Row-Level Security (RLS), use it at your   *
        *  own risk. This approach is great for fast prototyping,  *
        *  but ensure proper safeguards are in place to prevent    *
        *  misuse or execution of expensive SQL queries by your    *
        *  end users.                                              *
        *                                                          *
        *  If you've assessed the risks, suppress this message     *
        *  using the disableWarningInBrowsers configuration        *
        *  parameter.                                              *
        *                                                          *
        ************************************************************ @ http://localhost:4323/node_modules/.vite/deps/@neondatabase_serverless.js?v=7c5e1c19:4881
[     362ms] [WARNING]           
        ************************************************************
        *                                                          *
        *  WARNING: Running SQL directly from the browser can have *
        *  security implications. Even if your database is         *
        *  protected by Row-Level Security (RLS), use it at your   *
        *  own risk. This approach is great for fast prototyping,  *
        *  but ensure proper safeguards are in place to prevent    *
        *  misuse or execution of expensive SQL queries by your    *
        *  end users.                                              *
        *                                                          *
        *  If you've assessed the risks, suppress this message     *
        *  using the disableWarningInBrowsers configuration        *
        *  parameter.                                              *
        *                                                          *
        ************************************************************ @ http://localhost:4323/node_modules/.vite/deps/@neondatabase_serverless.js?v=7c5e1c19:4881
[     362ms] [WARNING]           
        ************************************************************
        *                                                          *
        *  WARNING: Running SQL directly from the browser can have *
        *  security implications. Even if your database is         *
        *  protected by Row-Level Security (RLS), use it at your   *
        *  own risk. This approach is great for fast prototyping,  *
        *  but ensure proper safeguards are in place to prevent    *
        *  misuse or execution of expensive SQL queries by your    *
        *  end users.                                              *
        *                                                          *
        *  If you've assessed the risks, suppress this message     *
        *  using the disableWarningInBrowsers configuration        *
        *  parameter.                                              *
        *                                                          *
        ************************************************************ @ http://localhost:4323/node_modules/.vite/deps/@neondatabase_serverless.js?v=7c5e1c19:4881
[     363ms] [WARNING]           
        ************************************************************
        *                                                          *
        *  WARNING: Running SQL directly from the browser can have *
        *  security implications. Even if your database is         *
        *  protected by Row-Level Security (RLS), use it at your   *
        *  own risk. This approach is great for fast prototyping,  *
        *  but ensure proper safeguards are in place to prevent    *
        *  misuse or execution of expensive SQL queries by your    *
        *  end users.                                              *
        *                                                          *
        *  If you've assessed the risks, suppress this message     *
        *  using the disableWarningInBrowsers configuration        *
        *  parameter.                                              *
        *                                                          *
        ************************************************************ @ http://localhost:4323/node_modules/.vite/deps/@neondatabase_serverless.js?v=7c5e1c19:4881
[     363ms] [WARNING]           
        ************************************************************
        *                                                          *
        *  WARNING: Running SQL directly from the browser can have *
        *  security implications. Even if your database is         *
        *  protected by Row-Level Security (RLS), use it at your   *
        *  own risk. This approach is great for fast prototyping,  *
        *  but ensure proper safeguards are in place to prevent    *
        *  misuse or execution of expensive SQL queries by your    *
        *  end users.                                              *
        *                                                          *
        *  If you've assessed the risks, suppress this message     *
        *  using the disableWarningInBrowsers configuration        *
        *  parameter.                                              *
        *                                                          *
        ************************************************************ @ http://localhost:4323/node_modules/.vite/deps/@neondatabase_serverless.js?v=7c5e1c19:4881
[     363ms] [WARNING]           
        ************************************************************
        *                                                          *
        *  WARNING: Running SQL directly from the browser can have *
        *  security implications. Even if your database is         *
        *  protected by Row-Level Security (RLS), use it at your   *
        *  own risk. This approach is great for fast prototyping,  *
        *  but ensure proper safeguards are in place to prevent    *
        *  misuse or execution of expensive SQL queries by your    *
        *  end users.                                              *
        *                                                          *
        *  If you've assessed the risks, suppress this message     *
        *  using the disableWarningInBrowsers configuration        *
        *  parameter.                                              *
        *                                                          *
        ************************************************************ @ http://localhost:4323/node_modules/.vite/deps/@neondatabase_serverless.js?v=7c5e1c19:4881
[     363ms] [WARNING]           
        ************************************************************
        *                                                          *
        *  WARNING: Running SQL directly from the browser can have *
        *  security implications. Even if your database is         *
        *  protected by Row-Level Security (RLS), use it at your   *
        *  own risk. This approach is great for fast prototyping,  *
        *  but ensure proper safeguards are in place to prevent    *
        *  misuse or execution of expensive SQL queries by your    *
        *  end users.                                              *
        *                                                          *
        *  If you've assessed the risks, suppress this message     *
        *  using the disableWarningInBrowsers configuration        *
        *  parameter.                                              *
        *                                                          *
        ************************************************************ @ http://localhost:4323/node_modules/.vite/deps/@neondatabase_serverless.js?v=7c5e1c19:4881
[     363ms] [WARNING]           
        ************************************************************
        *                                                          *
        *  WARNING: Running SQL directly from the browser can have *
        *  security implications. Even if your database is         *
        *  protected by Row-Level Security (RLS), use it at your   *
        *  own risk. This approach is great for fast prototyping,  *
        *  but ensure proper safeguards are in place to prevent    *
        *  misuse or execution of expensive SQL queries by your    *
        *  end users.                                              *
        *                                                          *
        *  If you've assessed the risks, suppress this message     *
        *  using the disableWarningInBrowsers configuration        *
        *  parameter.                                              *
        *                                                          *
        ************************************************************ @ http://localhost:4323/node_modules/.vite/deps/@neondatabase_serverless.js?v=7c5e1c19:4881
[     600ms] [WARNING]           
        ************************************************************
        *                                                          *
        *  WARNING: Running SQL directly from the browser can have *
        *  security implications. Even if your database is         *
        *  protected by Row-Level Security (RLS), use it at your   *
        *  own risk. This approach is great for fast prototyping,  *
        *  but ensure proper safeguards are in place to prevent    *
        *  misuse or execution of expensive SQL queries by your    *
        *  end users.                                              *
        *                                                          *
        *  If you've assessed the risks, suppress this message     *
        *  using the disableWarningInBrowsers configuration        *
        *  parameter.                                              *
        *                                                          *
        ************************************************************ @ http://localhost:4323/node_modules/.vite/deps/@neondatabase_serverless.js?v=7c5e1c19:4881
[    2389ms] [WARNING]           
        ************************************************************
        *                                                          *
        *  WARNING: Running SQL directly from the browser can have *
        *  security implications. Even if your database is         *
        *  protected by Row-Level Security (RLS), use it at your   *
        *  own risk. This approach is great for fast prototyping,  *
        *  but ensure proper safeguards are in place to prevent    *
        *  misuse or execution of expensive SQL queries by your    *
        *  end users.                                              *
        *                                                          *
        *  If you've assessed the risks, suppress this message     *
        *  using the disableWarningInBrowsers configuration        *
        *  parameter.                                              *
        *                                                          *
        ************************************************************ @ http://localhost:4323/node_modules/.vite/deps/@neondatabase_serverless.js?v=7c5e1c19:4881
[    2389ms] [WARNING]           
        ************************************************************
        *                                                          *
        *  WARNING: Running SQL directly from the browser can have *
        *  security implications. Even if your database is         *
        *  protected by Row-Level Security (RLS), use it at your   *
        *  own risk. This approach is great for fast prototyping,  *
        *  but ensure proper safeguards are in place to prevent    *
        *  misuse or execution of expensive SQL queries by your    *
        *  end users.                                              *
        *                                                          *
        *  If you've assessed the risks, suppress this message     *
        *  using the disableWarningInBrowsers configuration        *
        *  parameter.                                              *
        *                                                          *
        ************************************************************ @ http://localhost:4323/node_modules/.vite/deps/@neondatabase_serverless.js?v=7c5e1c19:4881
[    2389ms] [WARNING]           
        ************************************************************
        *                                                          *
        *  WARNING: Running SQL directly from the browser can have *
        *  security implications. Even if your database is         *
        *  protected by Row-Level Security (RLS), use it at your   *
        *  own risk. This approach is great for fast prototyping,  *
        *  but ensure proper safeguards are in place to prevent    *
        *  misuse or execution of expensive SQL queries by your    *
        *  end users.                                              *
        *                                                          *
        *  If you've assessed the risks, suppress this message     *
        *  using the disableWarningInBrowsers configuration        *
        *  parameter.                                              *
        *                                                          *
        ************************************************************ @ http://localhost:4323/node_modules/.vite/deps/@neondatabase_serverless.js?v=7c5e1c19:4881
[    2400ms] [WARNING] The width(-1) and height(-1) of chart should be greater than 0,
       please check the style of container, or the props width(100%) and height(100%),
       or add a minWidth(0) or minHeight(undefined) or use aspect(undefined) to control the
       height and width. @ http://localhost:4323/node_modules/.vite/deps/recharts.js?v=7c5e1c19:9083
[    2400ms] [WARNING] The width(-1) and height(-1) of chart should be greater than 0,
       please check the style of container, or the props width(100%) and height(100%),
       or add a minWidth(0) or minHeight(undefined) or use aspect(undefined) to control the
       height and width. @ http://localhost:4323/node_modules/.vite/deps/recharts.js?v=7c5e1c19:9083
[    2400ms] [WARNING] The width(-1) and height(-1) of chart should be greater than 0,
       please check the style of container, or the props width(100%) and height(100%),
       or add a minWidth(0) or minHeight(undefined) or use aspect(undefined) to control the
       height and width. @ http://localhost:4323/node_modules/.vite/deps/recharts.js?v=7c5e1c19:9083
[    2400ms] [WARNING] The width(-1) and height(-1) of chart should be greater than 0,
       please check the style of container, or the props width(100%) and height(100%),
       or add a minWidth(0) or minHeight(undefined) or use aspect(undefined) to control the
       height and width. @ http://localhost:4323/node_modules/.vite/deps/recharts.js?v=7c5e1c19:9083
[    2401ms] [WARNING] The width(-1) and height(-1) of chart should be greater than 0,
       please check the style of container, or the props width(100%) and height(100%),
       or add a minWidth(0) or minHeight(undefined) or use aspect(undefined) to control the
       height and width. @ http://localhost:4323/node_modules/.vite/deps/recharts.js?v=7c5e1c19:9083
[    2401ms] [WARNING] The width(-1) and height(-1) of chart should be greater than 0,
       please check the style of container, or the props width(100%) and height(100%),
       or add a minWidth(0) or minHeight(undefined) or use aspect(undefined) to control the
       height and width. @ http://localhost:4323/node_modules/.vite/deps/recharts.js?v=7c5e1c19:9083
[    2500ms] [WARNING]           
        ************************************************************
        *                                                          *
        *  WARNING: Running SQL directly from the browser can have *
        *  security implications. Even if your database is         *
        *  protected by Row-Level Security (RLS), use it at your   *
        *  own risk. This approach is great for fast prototyping,  *
        *  but ensure proper safeguards are in place to prevent    *
        *  misuse or execution of expensive SQL queries by your    *
        *  end users.                                              *
        *                                                          *
        *  If you've assessed the risks, suppress this message     *
        *  using the disableWarningInBrowsers configuration        *
        *  parameter.                                              *
        *                                                          *
        ************************************************************ @ http://localhost:4323/node_modules/.vite/deps/@neondatabase_serverless.js?v=7c5e1c19:4881
[    2738ms] [WARNING]           
        ************************************************************
        *                                                          *
        *  WARNING: Running SQL directly from the browser can have *
        *  security implications. Even if your database is         *
        *  protected by Row-Level Security (RLS), use it at your   *
        *  own risk. This approach is great for fast prototyping,  *
        *  but ensure proper safeguards are in place to prevent    *
        *  misuse or execution of expensive SQL queries by your    *
        *  end users.                                              *
        *                                                          *
        *  If you've assessed the risks, suppress this message     *
        *  using the disableWarningInBrowsers configuration        *
        *  parameter.                                              *
        *                                                          *
        ************************************************************ @ http://localhost:4323/node_modules/.vite/deps/@neondatabase_serverless.js?v=7c5e1c19:4881
[    2976ms] [WARNING]           
        ************************************************************
        *                                                          *
        *  WARNING: Running SQL directly from the browser can have *
        *  security implications. Even if your database is         *
        *  protected by Row-Level Security (RLS), use it at your   *
        *  own risk. This approach is great for fast prototyping,  *
        *  but ensure proper safeguards are in place to prevent    *
        *  misuse or execution of expensive SQL queries by your    *
        *  end users.                                              *
        *                                                          *
        *  If you've assessed the risks, suppress this message     *
        *  using the disableWarningInBrowsers configuration        *
        *  parameter.                                              *
        *                                                          *
        ************************************************************ @ http://localhost:4323/node_modules/.vite/deps/@neondatabase_serverless.js?v=7c5e1c19:4881
[    3215ms] [WARNING]           
        ************************************************************
        *                                                          *
        *  WARNING: Running SQL directly from the browser can have *
        *  security implications. Even if your database is         *
        *  protected by Row-Level Security (RLS), use it at your   *
        *  own risk. This approach is great for fast prototyping,  *
        *  but ensure proper safeguards are in place to prevent    *
        *  misuse or execution of expensive SQL queries by your    *
        *  end users.                                              *
        *                                                          *
        *  If you've assessed the risks, suppress this message     *
        *  using the disableWarningInBrowsers configuration        *
        *  parameter.                                              *
        *                                                          *
        ************************************************************ @ http://localhost:4323/node_modules/.vite/deps/@neondatabase_serverless.js?v=7c5e1c19:4881
[  261405ms] [WARNING]           
        ************************************************************
        *                                                          *
        *  WARNING: Running SQL directly from the browser can have *
        *  security implications. Even if your database is         *
        *  protected by Row-Level Security (RLS), use it at your   *
        *  own risk. This approach is great for fast prototyping,  *
        *  but ensure proper safeguards are in place to prevent    *
        *  misuse or execution of expensive SQL queries by your    *
        *  end users.                                              *
        *                                                          *
        *  If you've assessed the risks, suppress this message     *
        *  using the disableWarningInBrowsers configuration        *
        *  parameter.                                              *
        *                                                          *
        ************************************************************ @ http://localhost:4323/node_modules/.vite/deps/@neondatabase_serverless.js?v=7c5e1c19:4881
[  261405ms] [WARNING]           
        ************************************************************
        *                                                          *
        *  WARNING: Running SQL directly from the browser can have *
        *  security implications. Even if your database is         *
        *  protected by Row-Level Security (RLS), use it at your   *
        *  own risk. This approach is great for fast prototyping,  *
        *  but ensure proper safeguards are in place to prevent    *
        *  misuse or execution of expensive SQL queries by your    *
        *  end users.                                              *
        *                                                          *
        *  If you've assessed the risks, suppress this message     *
        *  using the disableWarningInBrowsers configuration        *
        *  parameter.                                              *
        *                                                          *
        ************************************************************ @ http://localhost:4323/node_modules/.vite/deps/@neondatabase_serverless.js?v=7c5e1c19:4881
[  261405ms] [WARNING]           
        ************************************************************
        *                                                          *
        *  WARNING: Running SQL directly from the browser can have *
        *  security implications. Even if your database is         *
        *  protected by Row-Level Security (RLS), use it at your   *
        *  own risk. This approach is great for fast prototyping,  *
        *  but ensure proper safeguards are in place to prevent    *
        *  misuse or execution of expensive SQL queries by your    *
        *  end users.                                              *
        *                                                          *
        *  If you've assessed the risks, suppress this message     *
        *  using the disableWarningInBrowsers configuration        *
        *  parameter.                                              *
        *                                                          *
        ************************************************************ @ http://localhost:4323/node_modules/.vite/deps/@neondatabase_serverless.js?v=7c5e1c19:4881
[  261406ms] [WARNING]           
        ************************************************************
        *                                                          *
        *  WARNING: Running SQL directly from the browser can have *
        *  security implications. Even if your database is         *
        *  protected by Row-Level Security (RLS), use it at your   *
        *  own risk. This approach is great for fast prototyping,  *
        *  but ensure proper safeguards are in place to prevent    *
        *  misuse or execution of expensive SQL queries by your    *
        *  end users.                                              *
        *                                                          *
        *  If you've assessed the risks, suppress this message     *
        *  using the disableWarningInBrowsers configuration        *
        *  parameter.                                              *
        *                                                          *
        ************************************************************ @ http://localhost:4323/node_modules/.vite/deps/@neondatabase_serverless.js?v=7c5e1c19:4881
[  261414ms] [WARNING] [API] Network error or timeout: Failed to fetch @ http://localhost:4323/src/services/api.js:82
[  261415ms] [ERROR] [neon] ensureTables failed: Error connecting to database: TypeError: Failed to fetch @ http://localhost:4323/src/services/neon.js:113
[  261544ms] [WARNING]           
        ************************************************************
        *                                                          *
        *  WARNING: Running SQL directly from the browser can have *
        *  security implications. Even if your database is         *
        *  protected by Row-Level Security (RLS), use it at your   *
        *  own risk. This approach is great for fast prototyping,  *
        *  but ensure proper safeguards are in place to prevent    *
        *  misuse or execution of expensive SQL queries by your    *
        *  end users.                                              *
        *                                                          *
        *  If you've assessed the risks, suppress this message     *
        *  using the disableWarningInBrowsers configuration        *
        *  parameter.                                              *
        *                                                          *
        ************************************************************ @ http://localhost:4323/node_modules/.vite/deps/@neondatabase_serverless.js?v=7c5e1c19:4881
[  261545ms] [WARNING]           
        ************************************************************
        *                                                          *
        *  WARNING: Running SQL directly from the browser can have *
        *  security implications. Even if your database is         *
        *  protected by Row-Level Security (RLS), use it at your   *
        *  own risk. This approach is great for fast prototyping,  *
        *  but ensure proper safeguards are in place to prevent    *
        *  misuse or execution of expensive SQL queries by your    *
        *  end users.                                              *
        *                                                          *
        *  If you've assessed the risks, suppress this message     *
        *  using the disableWarningInBrowsers configuration        *
        *  parameter.                                              *
        *                                                          *
        ************************************************************ @ http://localhost:4323/node_modules/.vite/deps/@neondatabase_serverless.js?v=7c5e1c19:4881
[  261545ms] [WARNING]           
        ************************************************************
        *                                                          *
        *  WARNING: Running SQL directly from the browser can have *
        *  security implications. Even if your database is         *
        *  protected by Row-Level Security (RLS), use it at your   *
        *  own risk. This approach is great for fast prototyping,  *
        *  but ensure proper safeguards are in place to prevent    *
        *  misuse or execution of expensive SQL queries by your    *
        *  end users.                                              *
        *                                                          *
        *  If you've assessed the risks, suppress this message     *
        *  using the disableWarningInBrowsers configuration        *
        *  parameter.                                              *
        *                                                          *
        ************************************************************ @ http://localhost:4323/node_modules/.vite/deps/@neondatabase_serverless.js?v=7c5e1c19:4881
[  261545ms] [WARNING]           
        ************************************************************
        *                                                          *
        *  WARNING: Running SQL directly from the browser can have *
        *  security implications. Even if your database is         *
        *  protected by Row-Level Security (RLS), use it at your   *
        *  own risk. This approach is great for fast prototyping,  *
        *  but ensure proper safeguards are in place to prevent    *
        *  misuse or execution of expensive SQL queries by your    *
        *  end users.                                              *
        *                                                          *
        *  If you've assessed the risks, suppress this message     *
        *  using the disableWarningInBrowsers configuration        *
        *  parameter.                                              *
        *                                                          *
        ************************************************************ @ http://localhost:4323/node_modules/.vite/deps/@neondatabase_serverless.js?v=7c5e1c19:4881
[  261583ms] [WARNING] [API] Network error or timeout: Failed to fetch @ http://localhost:4323/src/services/api.js:82
[  261584ms] [ERROR] [neon] ensureTables failed: Error connecting to database: TypeError: Failed to fetch @ http://localhost:4323/src/services/neon.js:113
[  261730ms] [WARNING]           
        ************************************************************
        *                                                          *
        *  WARNING: Running SQL directly from the browser can have *
        *  security implications. Even if your database is         *
        *  protected by Row-Level Security (RLS), use it at your   *
        *  own risk. This approach is great for fast prototyping,  *
        *  but ensure proper safeguards are in place to prevent    *
        *  misuse or execution of expensive SQL queries by your    *
        *  end users.                                              *
        *                                                          *
        *  If you've assessed the risks, suppress this message     *
        *  using the disableWarningInBrowsers configuration        *
        *  parameter.                                              *
        *                                                          *
        ************************************************************ @ http://localhost:4323/node_modules/.vite/deps/@neondatabase_serverless.js?v=7c5e1c19:4881
[  261730ms] [WARNING]           
        ************************************************************
        *                                                          *
        *  WARNING: Running SQL directly from the browser can have *
        *  security implications. Even if your database is         *
        *  protected by Row-Level Security (RLS), use it at your   *
        *  own risk. This approach is great for fast prototyping,  *
        *  but ensure proper safeguards are in place to prevent    *
        *  misuse or execution of expensive SQL queries by your    *
        *  end users.                                              *
        *                                                          *
        *  If you've assessed the risks, suppress this message     *
        *  using the disableWarningInBrowsers configuration        *
        *  parameter.                                              *
        *                                                          *
        ************************************************************ @ http://localhost:4323/node_modules/.vite/deps/@neondatabase_serverless.js?v=7c5e1c19:4881
[  261731ms] [WARNING]           
        ************************************************************
        *                                                          *
        *  WARNING: Running SQL directly from the browser can have *
        *  security implications. Even if your database is         *
        *  protected by Row-Level Security (RLS), use it at your   *
        *  own risk. This approach is great for fast prototyping,  *
        *  but ensure proper safeguards are in place to prevent    *
        *  misuse or execution of expensive SQL queries by your    *
        *  end users.                                              *
        *                                                          *
        *  If you've assessed the risks, suppress this message     *
        *  using the disableWarningInBrowsers configuration        *
        *  parameter.                                              *
        *                                                          *
        ************************************************************ @ http://localhost:4323/node_modules/.vite/deps/@neondatabase_serverless.js?v=7c5e1c19:4881
[  261731ms] [WARNING]           
        ************************************************************
        *                                                          *
        *  WARNING: Running SQL directly from the browser can have *
        *  security implications. Even if your database is         *
        *  protected by Row-Level Security (RLS), use it at your   *
        *  own risk. This approach is great for fast prototyping,  *
        *  but ensure proper safeguards are in place to prevent    *
        *  misuse or execution of expensive SQL queries by your    *
        *  end users.                                              *
        *                                                          *
        *  If you've assessed the risks, suppress this message     *
        *  using the disableWarningInBrowsers configuration        *
        *  parameter.                                              *
        *                                                          *
        ************************************************************ @ http://localhost:4323/node_modules/.vite/deps/@neondatabase_serverless.js?v=7c5e1c19:4881
[  261750ms] [WARNING] [API] Network error or timeout: Failed to fetch @ http://localhost:4323/src/services/api.js:82
[  261750ms] [ERROR] [neon] ensureTables failed: Error connecting to database: TypeError: Failed to fetch @ http://localhost:4323/src/services/neon.js:113
[  261878ms] [WARNING]           
        ************************************************************
        *                                                          *
        *  WARNING: Running SQL directly from the browser can have *
        *  security implications. Even if your database is         *
        *  protected by Row-Level Security (RLS), use it at your   *
        *  own risk. This approach is great for fast prototyping,  *
        *  but ensure proper safeguards are in place to prevent    *
        *  misuse or execution of expensive SQL queries by your    *
        *  end users.                                              *
        *                                                          *
        *  If you've assessed the risks, suppress this message     *
        *  using the disableWarningInBrowsers configuration        *
        *  parameter.                                              *
        *                                                          *
        ************************************************************ @ http://localhost:4323/node_modules/.vite/deps/@neondatabase_serverless.js?v=7c5e1c19:4881
[  261878ms] [WARNING]           
        ************************************************************
        *                                                          *
        *  WARNING: Running SQL directly from the browser can have *
        *  security implications. Even if your database is         *
        *  protected by Row-Level Security (RLS), use it at your   *
        *  own risk. This approach is great for fast prototyping,  *
        *  but ensure proper safeguards are in place to prevent    *
        *  misuse or execution of expensive SQL queries by your    *
        *  end users.                                              *
        *                                                          *
        *  If you've assessed the risks, suppress this message     *
        *  using the disableWarningInBrowsers configuration        *
        *  parameter.                                              *
        *                                                          *
        ************************************************************ @ http://localhost:4323/node_modules/.vite/deps/@neondatabase_serverless.js?v=7c5e1c19:4881
[  261878ms] [WARNING]           
        ************************************************************
        *                                                          *
        *  WARNING: Running SQL directly from the browser can have *
        *  security implications. Even if your database is         *
        *  protected by Row-Level Security (RLS), use it at your   *
        *  own risk. This approach is great for fast prototyping,  *
        *  but ensure proper safeguards are in place to prevent    *
        *  misuse or execution of expensive SQL queries by your    *
        *  end users.                                              *
        *                                                          *
        *  If you've assessed the risks, suppress this message     *
        *  using the disableWarningInBrowsers configuration        *
        *  parameter.                                              *
        *                                                          *
        ************************************************************ @ http://localhost:4323/node_modules/.vite/deps/@neondatabase_serverless.js?v=7c5e1c19:4881
[  261878ms] [WARNING]           
        ************************************************************
        *                                                          *
        *  WARNING: Running SQL directly from the browser can have *
        *  security implications. Even if your database is         *
        *  protected by Row-Level Security (RLS), use it at your   *
        *  own risk. This approach is great for fast prototyping,  *
        *  but ensure proper safeguards are in place to prevent    *
        *  misuse or execution of expensive SQL queries by your    *
        *  end users.                                              *
        *                                                          *
        *  If you've assessed the risks, suppress this message     *
        *  using the disableWarningInBrowsers configuration        *
        *  parameter.                                              *
        *                                                          *
        ************************************************************ @ http://localhost:4323/node_modules/.vite/deps/@neondatabase_serverless.js?v=7c5e1c19:4881
[  261969ms] [WARNING] [API] Network error or timeout: Failed to fetch @ http://localhost:4323/src/services/api.js:82
[  261969ms] [ERROR] [neon] ensureTables failed: Error connecting to database: TypeError: Failed to fetch @ http://localhost:4323/src/services/neon.js:113
[  262113ms] [WARNING]           
        ************************************************************
        *                                                          *
        *  WARNING: Running SQL directly from the browser can have *
        *  security implications. Even if your database is         *
        *  protected by Row-Level Security (RLS), use it at your   *
        *  own risk. This approach is great for fast prototyping,  *
        *  but ensure proper safeguards are in place to prevent    *
        *  misuse or execution of expensive SQL queries by your    *
        *  end users.                                              *
        *                                                          *
        *  If you've assessed the risks, suppress this message     *
        *  using the disableWarningInBrowsers configuration        *
        *  parameter.                                              *
        *                                                          *
        ************************************************************ @ http://localhost:4323/node_modules/.vite/deps/@neondatabase_serverless.js?v=7c5e1c19:4881
[  262113ms] [WARNING]           
        ************************************************************
        *                                                          *
        *  WARNING: Running SQL directly from the browser can have *
        *  security implications. Even if your database is         *
        *  protected by Row-Level Security (RLS), use it at your   *
        *  own risk. This approach is great for fast prototyping,  *
        *  but ensure proper safeguards are in place to prevent    *
        *  misuse or execution of expensive SQL queries by your    *
        *  end users.                                              *
        *                                                          *
        *  If you've assessed the risks, suppress this message     *
        *  using the disableWarningInBrowsers configuration        *
        *  parameter.                                              *
        *                                                          *
        ************************************************************ @ http://localhost:4323/node_modules/.vite/deps/@neondatabase_serverless.js?v=7c5e1c19:4881
[  262114ms] [WARNING]           
        ************************************************************
        *                                                          *
        *  WARNING: Running SQL directly from the browser can have *
        *  security implications. Even if your database is         *
        *  protected by Row-Level Security (RLS), use it at your   *
        *  own risk. This approach is great for fast prototyping,  *
        *  but ensure proper safeguards are in place to prevent    *
        *  misuse or execution of expensive SQL queries by your    *
        *  end users.                                              *
        *                                                          *
        *  If you've assessed the risks, suppress this message     *
        *  using the disableWarningInBrowsers configuration        *
        *  parameter.                                              *
        *                                                          *
        ************************************************************ @ http://localhost:4323/node_modules/.vite/deps/@neondatabase_serverless.js?v=7c5e1c19:4881
[  262114ms] [WARNING]           
        ************************************************************
        *                                                          *
        *  WARNING: Running SQL directly from the browser can have *
        *  security implications. Even if your database is         *
        *  protected by Row-Level Security (RLS), use it at your   *
        *  own risk. This approach is great for fast prototyping,  *
        *  but ensure proper safeguards are in place to prevent    *
        *  misuse or execution of expensive SQL queries by your    *
        *  end users.                                              *
        *                                                          *
        *  If you've assessed the risks, suppress this message     *
        *  using the disableWarningInBrowsers configuration        *
        *  parameter.                                              *
        *                                                          *
        ************************************************************ @ http://localhost:4323/node_modules/.vite/deps/@neondatabase_serverless.js?v=7c5e1c19:4881
[  262115ms] [WARNING] [API] Network error or timeout: Failed to fetch @ http://localhost:4323/src/services/api.js:82
[  262115ms] [ERROR] [neon] ensureTables failed: Error connecting to database: TypeError: Failed to fetch @ http://localhost:4323/src/services/neon.js:113
[  262265ms] [WARNING]           
        ************************************************************
        *                                                          *
        *  WARNING: Running SQL directly from the browser can have *
        *  security implications. Even if your database is         *
        *  protected by Row-Level Security (RLS), use it at your   *
        *  own risk. This approach is great for fast prototyping,  *
        *  but ensure proper safeguards are in place to prevent    *
        *  misuse or execution of expensive SQL queries by your    *
        *  end users.                                              *
        *                                                          *
        *  If you've assessed the risks, suppress this message     *
        *  using the disableWarningInBrowsers configuration        *
        *  parameter.                                              *
        *                                                          *
        ************************************************************ @ http://localhost:4323/node_modules/.vite/deps/@neondatabase_serverless.js?v=7c5e1c19:4881
[  262265ms] [WARNING]           
        ************************************************************
        *                                                          *
        *  WARNING: Running SQL directly from the browser can have *
        *  security implications. Even if your database is         *
        *  protected by Row-Level Security (RLS), use it at your   *
        *  own risk. This approach is great for fast prototyping,  *
        *  but ensure proper safeguards are in place to prevent    *
        *  misuse or execution of expensive SQL queries by your    *
        *  end users.                                              *
        *                                                          *
        *  If you've assessed the risks, suppress this message     *
        *  using the disableWarningInBrowsers configuration        *
        *  parameter.                                              *
        *                                                          *
        ************************************************************ @ http://localhost:4323/node_modules/.vite/deps/@neondatabase_serverless.js?v=7c5e1c19:4881
[  262266ms] [WARNING]           
        ************************************************************
        *                                                          *
        *  WARNING: Running SQL directly from the browser can have *
        *  security implications. Even if your database is         *
        *  protected by Row-Level Security (RLS), use it at your   *
        *  own risk. This approach is great for fast prototyping,  *
        *  but ensure proper safeguards are in place to prevent    *
        *  misuse or execution of expensive SQL queries by your    *
        *  end users.                                              *
        *                                                          *
        *  If you've assessed the risks, suppress this message     *
        *  using the disableWarningInBrowsers configuration        *
        *  parameter.                                              *
        *                                                          *
        ************************************************************ @ http://localhost:4323/node_modules/.vite/deps/@neondatabase_serverless.js?v=7c5e1c19:4881
[  262266ms] [WARNING]           
        ************************************************************
        *                                                          *
        *  WARNING: Running SQL directly from the browser can have *
        *  security implications. Even if your database is         *
        *  protected by Row-Level Security (RLS), use it at your   *
        *  own risk. This approach is great for fast prototyping,  *
        *  but ensure proper safeguards are in place to prevent    *
        *  misuse or execution of expensive SQL queries by your    *
        *  end users.                                              *
        *                                                          *
        *  If you've assessed the risks, suppress this message     *
        *  using the disableWarningInBrowsers configuration        *
        *  parameter.                                              *
        *                                                          *
        ************************************************************ @ http://localhost:4323/node_modules/.vite/deps/@neondatabase_serverless.js?v=7c5e1c19:4881
[  262506ms] [WARNING]           
        ************************************************************
        *                                                          *
        *  WARNING: Running SQL directly from the browser can have *
        *  security implications. Even if your database is         *
        *  protected by Row-Level Security (RLS), use it at your   *
        *  own risk. This approach is great for fast prototyping,  *
        *  but ensure proper safeguards are in place to prevent    *
        *  misuse or execution of expensive SQL queries by your    *
        *  end users.                                              *
        *                                                          *
        *  If you've assessed the risks, suppress this message     *
        *  using the disableWarningInBrowsers configuration        *
        *  parameter.                                              *
        *                                                          *
        ************************************************************ @ http://localhost:4323/node_modules/.vite/deps/@neondatabase_serverless.js?v=7c5e1c19:4881
[  262507ms] [WARNING]           
        ************************************************************
        *                                                          *
        *  WARNING: Running SQL directly from the browser can have *
        *  security implications. Even if your database is         *
        *  protected by Row-Level Security (RLS), use it at your   *
        *  own risk. This approach is great for fast prototyping,  *
        *  but ensure proper safeguards are in place to prevent    *
        *  misuse or execution of expensive SQL queries by your    *
        *  end users.                                              *
        *                                                          *
        *  If you've assessed the risks, suppress this message     *
        *  using the disableWarningInBrowsers configuration        *
        *  parameter.                                              *
        *                                                          *
        ************************************************************ @ http://localhost:4323/node_modules/.vite/deps/@neondatabase_serverless.js?v=7c5e1c19:4881
[  262507ms] [WARNING]           
        ************************************************************
        *                                                          *
        *  WARNING: Running SQL directly from the browser can have *
        *  security implications. Even if your database is         *
        *  protected by Row-Level Security (RLS), use it at your   *
        *  own risk. This approach is great for fast prototyping,  *
        *  but ensure proper safeguards are in place to prevent    *
        *  misuse or execution of expensive SQL queries by your    *
        *  end users.                                              *
        *                                                          *
        *  If you've assessed the risks, suppress this message     *
        *  using the disableWarningInBrowsers configuration        *
        *  parameter.                                              *
        *                                                          *
        ************************************************************ @ http://localhost:4323/node_modules/.vite/deps/@neondatabase_serverless.js?v=7c5e1c19:4881
[  262507ms] [WARNING]           
        ************************************************************
        *                                                          *
        *  WARNING: Running SQL directly from the browser can have *
        *  security implications. Even if your database is         *
        *  protected by Row-Level Security (RLS), use it at your   *
        *  own risk. This approach is great for fast prototyping,  *
        *  but ensure proper safeguards are in place to prevent    *
        *  misuse or execution of expensive SQL queries by your    *
        *  end users.                                              *
        *                                                          *
        *  If you've assessed the risks, suppress this message     *
        *  using the disableWarningInBrowsers configuration        *
        *  parameter.                                              *
        *                                                          *
        ************************************************************ @ http://localhost:4323/node_modules/.vite/deps/@neondatabase_serverless.js?v=7c5e1c19:4881
[  262507ms] [WARNING]           
        ************************************************************
        *                                                          *
        *  WARNING: Running SQL directly from the browser can have *
        *  security implications. Even if your database is         *
        *  protected by Row-Level Security (RLS), use it at your   *
        *  own risk. This approach is great for fast prototyping,  *
        *  but ensure proper safeguards are in place to prevent    *
        *  misuse or execution of expensive SQL queries by your    *
        *  end users.                                              *
        *                                                          *
        *  If you've assessed the risks, suppress this message     *
        *  using the disableWarningInBrowsers configuration        *
        *  parameter.                                              *
        *                                                          *
        ************************************************************ @ http://localhost:4323/node_modules/.vite/deps/@neondatabase_serverless.js?v=7c5e1c19:4881
[  262508ms] [WARNING]           
        ************************************************************
        *                                                          *
        *  WARNING: Running SQL directly from the browser can have *
        *  security implications. Even if your database is         *
        *  protected by Row-Level Security (RLS), use it at your   *
        *  own risk. This approach is great for fast prototyping,  *
        *  but ensure proper safeguards are in place to prevent    *
        *  misuse or execution of expensive SQL queries by your    *
        *  end users.                                              *
        *                                                          *
        *  If you've assessed the risks, suppress this message     *
        *  using the disableWarningInBrowsers configuration        *
        *  parameter.                                              *
        *                                                          *
        ************************************************************ @ http://localhost:4323/node_modules/.vite/deps/@neondatabase_serverless.js?v=7c5e1c19:4881
[  262508ms] [WARNING]           
        ************************************************************
        *                                                          *
        *  WARNING: Running SQL directly from the browser can have *
        *  security implications. Even if your database is         *
        *  protected by Row-Level Security (RLS), use it at your   *
        *  own risk. This approach is great for fast prototyping,  *
        *  but ensure proper safeguards are in place to prevent    *
        *  misuse or execution of expensive SQL queries by your    *
        *  end users.                                              *
        *                                                          *
        *  If you've assessed the risks, suppress this message     *
        *  using the disableWarningInBrowsers configuration        *
        *  parameter.                                              *
        *                                                          *
        ************************************************************ @ http://localhost:4323/node_modules/.vite/deps/@neondatabase_serverless.js?v=7c5e1c19:4881
[  262508ms] [WARNING]           
        ************************************************************
        *                                                          *
        *  WARNING: Running SQL directly from the browser can have *
        *  security implications. Even if your database is         *
        *  protected by Row-Level Security (RLS), use it at your   *
        *  own risk. This approach is great for fast prototyping,  *
        *  but ensure proper safeguards are in place to prevent    *
        *  misuse or execution of expensive SQL queries by your    *
        *  end users.                                              *
        *                                                          *
        *  If you've assessed the risks, suppress this message     *
        *  using the disableWarningInBrowsers configuration        *
        *  parameter.                                              *
        *                                                          *
        ************************************************************ @ http://localhost:4323/node_modules/.vite/deps/@neondatabase_serverless.js?v=7c5e1c19:4881
[  262508ms] [WARNING]           
        ************************************************************
        *                                                          *
        *  WARNING: Running SQL directly from the browser can have *
        *  security implications. Even if your database is         *
        *  protected by Row-Level Security (RLS), use it at your   *
        *  own risk. This approach is great for fast prototyping,  *
        *  but ensure proper safeguards are in place to prevent    *
        *  misuse or execution of expensive SQL queries by your    *
        *  end users.                                              *
        *                                                          *
        *  If you've assessed the risks, suppress this message     *
        *  using the disableWarningInBrowsers configuration        *
        *  parameter.                                              *
        *                                                          *
        ************************************************************ @ http://localhost:4323/node_modules/.vite/deps/@neondatabase_serverless.js?v=7c5e1c19:4881
[  262508ms] [WARNING]           
        ************************************************************
        *                                                          *
        *  WARNING: Running SQL directly from the browser can have *
        *  security implications. Even if your database is         *
        *  protected by Row-Level Security (RLS), use it at your   *
        *  own risk. This approach is great for fast prototyping,  *
        *  but ensure proper safeguards are in place to prevent    *
        *  misuse or execution of expensive SQL queries by your    *
        *  end users.                                              *
        *                                                          *
        *  If you've assessed the risks, suppress this message     *
        *  using the disableWarningInBrowsers configuration        *
        *  parameter.                                              *
        *                                                          *
        ************************************************************ @ http://localhost:4323/node_modules/.vite/deps/@neondatabase_serverless.js?v=7c5e1c19:4881
[  262508ms] [WARNING]           
        ************************************************************
        *                                                          *
        *  WARNING: Running SQL directly from the browser can have *
        *  security implications. Even if your database is         *
        *  protected by Row-Level Security (RLS), use it at your   *
        *  own risk. This approach is great for fast prototyping,  *
        *  but ensure proper safeguards are in place to prevent    *
        *  misuse or execution of expensive SQL queries by your    *
        *  end users.                                              *
        *                                                          *
        *  If you've assessed the risks, suppress this message     *
        *  using the disableWarningInBrowsers configuration        *
        *  parameter.                                              *
        *                                                          *
        ************************************************************ @ http://localhost:4323/node_modules/.vite/deps/@neondatabase_serverless.js?v=7c5e1c19:4881
[  262983ms] [WARNING]           
        ************************************************************
        *                                                          *
        *  WARNING: Running SQL directly from the browser can have *
        *  security implications. Even if your database is         *
        *  protected by Row-Level Security (RLS), use it at your   *
        *  own risk. This approach is great for fast prototyping,  *
        *  but ensure proper safeguards are in place to prevent    *
        *  misuse or execution of expensive SQL queries by your    *
        *  end users.                                              *
        *                                                          *
        *  If you've assessed the risks, suppress this message     *
        *  using the disableWarningInBrowsers configuration        *
        *  parameter.                                              *
        *                                                          *
        ************************************************************ @ http://localhost:4323/node_modules/.vite/deps/@neondatabase_serverless.js?v=7c5e1c19:4881
[  264415ms] [WARNING]           
        ************************************************************
        *                                                          *
        *  WARNING: Running SQL directly from the browser can have *
        *  security implications. Even if your database is         *
        *  protected by Row-Level Security (RLS), use it at your   *
        *  own risk. This approach is great for fast prototyping,  *
        *  but ensure proper safeguards are in place to prevent    *
        *  misuse or execution of expensive SQL queries by your    *
        *  end users.                                              *
        *                                                          *
        *  If you've assessed the risks, suppress this message     *
        *  using the disableWarningInBrowsers configuration        *
        *  parameter.                                              *
        *                                                          *
        ************************************************************ @ http://localhost:4323/node_modules/.vite/deps/@neondatabase_serverless.js?v=7c5e1c19:4881
[  264563ms] [WARNING]           
        ************************************************************
        *                                                          *
        *  WARNING: Running SQL directly from the browser can have *
        *  security implications. Even if your database is         *
        *  protected by Row-Level Security (RLS), use it at your   *
        *  own risk. This approach is great for fast prototyping,  *
        *  but ensure proper safeguards are in place to prevent    *
        *  misuse or execution of expensive SQL queries by your    *
        *  end users.                                              *
        *                                                          *
        *  If you've assessed the risks, suppress this message     *
        *  using the disableWarningInBrowsers configuration        *
        *  parameter.                                              *
        *                                                          *
        ************************************************************ @ http://localhost:4323/node_modules/.vite/deps/@neondatabase_serverless.js?v=7c5e1c19:4881
[  264563ms] [WARNING]           
        ************************************************************
        *                                                          *
        *  WARNING: Running SQL directly from the browser can have *
        *  security implications. Even if your database is         *
        *  protected by Row-Level Security (RLS), use it at your   *
        *  own risk. This approach is great for fast prototyping,  *
        *  but ensure proper safeguards are in place to prevent    *
        *  misuse or execution of expensive SQL queries by your    *
        *  end users.                                              *
        *                                                          *
        *  If you've assessed the risks, suppress this message     *
        *  using the disableWarningInBrowsers configuration        *
        *  parameter.                                              *
        *                                                          *
        ************************************************************ @ http://localhost:4323/node_modules/.vite/deps/@neondatabase_serverless.js?v=7c5e1c19:4881
[  264563ms] [WARNING]           
        ************************************************************
        *                                                          *
        *  WARNING: Running SQL directly from the browser can have *
        *  security implications. Even if your database is         *
        *  protected by Row-Level Security (RLS), use it at your   *
        *  own risk. This approach is great for fast prototyping,  *
        *  but ensure proper safeguards are in place to prevent    *
        *  misuse or execution of expensive SQL queries by your    *
        *  end users.                                              *
        *                                                          *
        *  If you've assessed the risks, suppress this message     *
        *  using the disableWarningInBrowsers configuration        *
        *  parameter.                                              *
        *                                                          *
        ************************************************************ @ http://localhost:4323/node_modules/.vite/deps/@neondatabase_serverless.js?v=7c5e1c19:4881
[  264573ms] [WARNING] The width(-1) and height(-1) of chart should be greater than 0,
       please check the style of container, or the props width(100%) and height(100%),
       or add a minWidth(0) or minHeight(undefined) or use aspect(undefined) to control the
       height and width. @ http://localhost:4323/node_modules/.vite/deps/recharts.js?v=7c5e1c19:9083
[  264573ms] [WARNING] The width(-1) and height(-1) of chart should be greater than 0,
       please check the style of container, or the props width(100%) and height(100%),
       or add a minWidth(0) or minHeight(undefined) or use aspect(undefined) to control the
       height and width. @ http://localhost:4323/node_modules/.vite/deps/recharts.js?v=7c5e1c19:9083
[  264574ms] [WARNING] The width(-1) and height(-1) of chart should be greater than 0,
       please check the style of container, or the props width(100%) and height(100%),
       or add a minWidth(0) or minHeight(undefined) or use aspect(undefined) to control the
       height and width. @ http://localhost:4323/node_modules/.vite/deps/recharts.js?v=7c5e1c19:9083
[  264574ms] [WARNING] The width(-1) and height(-1) of chart should be greater than 0,
       please check the style of container, or the props width(100%) and height(100%),
       or add a minWidth(0) or minHeight(undefined) or use aspect(undefined) to control the
       height and width. @ http://localhost:4323/node_modules/.vite/deps/recharts.js?v=7c5e1c19:9083
[  264574ms] [WARNING] The width(-1) and height(-1) of chart should be greater than 0,
       please check the style of container, or the props width(100%) and height(100%),
       or add a minWidth(0) or minHeight(undefined) or use aspect(undefined) to control the
       height and width. @ http://localhost:4323/node_modules/.vite/deps/recharts.js?v=7c5e1c19:9083
[  264575ms] [WARNING] The width(-1) and height(-1) of chart should be greater than 0,
       please check the style of container, or the props width(100%) and height(100%),
       or add a minWidth(0) or minHeight(undefined) or use aspect(undefined) to control the
       height and width. @ http://localhost:4323/node_modules/.vite/deps/recharts.js?v=7c5e1c19:9083
[  264654ms] [WARNING]           
        ************************************************************
        *                                                          *
        *  WARNING: Running SQL directly from the browser can have *
        *  security implications. Even if your database is         *
        *  protected by Row-Level Security (RLS), use it at your   *
        *  own risk. This approach is great for fast prototyping,  *
        *  but ensure proper safeguards are in place to prevent    *
        *  misuse or execution of expensive SQL queries by your    *
        *  end users.                                              *
        *                                                          *
        *  If you've assessed the risks, suppress this message     *
        *  using the disableWarningInBrowsers configuration        *
        *  parameter.                                              *
        *                                                          *
        ************************************************************ @ http://localhost:4323/node_modules/.vite/deps/@neondatabase_serverless.js?v=7c5e1c19:4881
[  264892ms] [WARNING]           
        ************************************************************
        *                                                          *
        *  WARNING: Running SQL directly from the browser can have *
        *  security implications. Even if your database is         *
        *  protected by Row-Level Security (RLS), use it at your   *
        *  own risk. This approach is great for fast prototyping,  *
        *  but ensure proper safeguards are in place to prevent    *
        *  misuse or execution of expensive SQL queries by your    *
        *  end users.                                              *
        *                                                          *
        *  If you've assessed the risks, suppress this message     *
        *  using the disableWarningInBrowsers configuration        *
        *  parameter.                                              *
        *                                                          *
        ************************************************************ @ http://localhost:4323/node_modules/.vite/deps/@neondatabase_serverless.js?v=7c5e1c19:4881
[  265131ms] [WARNING]           
        ************************************************************
        *                                                          *
        *  WARNING: Running SQL directly from the browser can have *
        *  security implications. Even if your database is         *
        *  protected by Row-Level Security (RLS), use it at your   *
        *  own risk. This approach is great for fast prototyping,  *
        *  but ensure proper safeguards are in place to prevent    *
        *  misuse or execution of expensive SQL queries by your    *
        *  end users.                                              *
        *                                                          *
        *  If you've assessed the risks, suppress this message     *
        *  using the disableWarningInBrowsers configuration        *
        *  parameter.                                              *
        *                                                          *
        ************************************************************ @ http://localhost:4323/node_modules/.vite/deps/@neondatabase_serverless.js?v=7c5e1c19:4881
[  268077ms] [WARNING]           
        ************************************************************
        *                                                          *
        *  WARNING: Running SQL directly from the browser can have *
        *  security implications. Even if your database is         *
        *  protected by Row-Level Security (RLS), use it at your   *
        *  own risk. This approach is great for fast prototyping,  *
        *  but ensure proper safeguards are in place to prevent    *
        *  misuse or execution of expensive SQL queries by your    *
        *  end users.                                              *
        *                                                          *
        *  If you've assessed the risks, suppress this message     *
        *  using the disableWarningInBrowsers configuration        *
        *  parameter.                                              *
        *                                                          *
        ************************************************************ @ http://localhost:4323/node_modules/.vite/deps/@neondatabase_serverless.js?v=7c5e1c19:4881
[  268077ms] [WARNING]           
        ************************************************************
        *                                                          *
        *  WARNING: Running SQL directly from the browser can have *
        *  security implications. Even if your database is         *
        *  protected by Row-Level Security (RLS), use it at your   *
        *  own risk. This approach is great for fast prototyping,  *
        *  but ensure proper safeguards are in place to prevent    *
        *  misuse or execution of expensive SQL queries by your    *
        *  end users.                                              *
        *                                                          *
        *  If you've assessed the risks, suppress this message     *
        *  using the disableWarningInBrowsers configuration        *
        *  parameter.                                              *
        *                                                          *
        ************************************************************ @ http://localhost:4323/node_modules/.vite/deps/@neondatabase_serverless.js?v=7c5e1c19:4881
[  268077ms] [WARNING]           
        ************************************************************
        *                                                          *
        *  WARNING: Running SQL directly from the browser can have *
        *  security implications. Even if your database is         *
        *  protected by Row-Level Security (RLS), use it at your   *
        *  own risk. This approach is great for fast prototyping,  *
        *  but ensure proper safeguards are in place to prevent    *
        *  misuse or execution of expensive SQL queries by your    *
        *  end users.                                              *
        *                                                          *
        *  If you've assessed the risks, suppress this message     *
        *  using the disableWarningInBrowsers configuration        *
        *  parameter.                                              *
        *                                                          *
        ************************************************************ @ http://localhost:4323/node_modules/.vite/deps/@neondatabase_serverless.js?v=7c5e1c19:4881
[  268077ms] [WARNING]           
        ************************************************************
        *                                                          *
        *  WARNING: Running SQL directly from the browser can have *
        *  security implications. Even if your database is         *
        *  protected by Row-Level Security (RLS), use it at your   *
        *  own risk. This approach is great for fast prototyping,  *
        *  but ensure proper safeguards are in place to prevent    *
        *  misuse or execution of expensive SQL queries by your    *
        *  end users.                                              *
        *                                                          *
        *  If you've assessed the risks, suppress this message     *
        *  using the disableWarningInBrowsers configuration        *
        *  parameter.                                              *
        *                                                          *
        ************************************************************ @ http://localhost:4323/node_modules/.vite/deps/@neondatabase_serverless.js?v=7c5e1c19:4881
[  268318ms] [WARNING]           
        ************************************************************
        *                                                          *
        *  WARNING: Running SQL directly from the browser can have *
        *  security implications. Even if your database is         *
        *  protected by Row-Level Security (RLS), use it at your   *
        *  own risk. This approach is great for fast prototyping,  *
        *  but ensure proper safeguards are in place to prevent    *
        *  misuse or execution of expensive SQL queries by your    *
        *  end users.                                              *
        *                                                          *
        *  If you've assessed the risks, suppress this message     *
        *  using the disableWarningInBrowsers configuration        *
        *  parameter.                                              *
        *                                                          *
        ************************************************************ @ http://localhost:4323/node_modules/.vite/deps/@neondatabase_serverless.js?v=7c5e1c19:4881
[  268318ms] [WARNING]           
        ************************************************************
        *                                                          *
        *  WARNING: Running SQL directly from the browser can have *
        *  security implications. Even if your database is         *
        *  protected by Row-Level Security (RLS), use it at your   *
        *  own risk. This approach is great for fast prototyping,  *
        *  but ensure proper safeguards are in place to prevent    *
        *  misuse or execution of expensive SQL queries by your    *
        *  end users.                                              *
        *                                                          *
        *  If you've assessed the risks, suppress this message     *
        *  using the disableWarningInBrowsers configuration        *
        *  parameter.                                              *
        *                                                          *
        ************************************************************ @ http://localhost:4323/node_modules/.vite/deps/@neondatabase_serverless.js?v=7c5e1c19:4881
[  268318ms] [WARNING]           
        ************************************************************
        *                                                          *
        *  WARNING: Running SQL directly from the browser can have *
        *  security implications. Even if your database is         *
        *  protected by Row-Level Security (RLS), use it at your   *
        *  own risk. This approach is great for fast prototyping,  *
        *  but ensure proper safeguards are in place to prevent    *
        *  misuse or execution of expensive SQL queries by your    *
        *  end users.                                              *
        *                                                          *
        *  If you've assessed the risks, suppress this message     *
        *  using the disableWarningInBrowsers configuration        *
        *  parameter.                                              *
        *                                                          *
        ************************************************************ @ http://localhost:4323/node_modules/.vite/deps/@neondatabase_serverless.js?v=7c5e1c19:4881
[  268318ms] [WARNING]           
        ************************************************************
        *                                                          *
        *  WARNING: Running SQL directly from the browser can have *
        *  security implications. Even if your database is         *
        *  protected by Row-Level Security (RLS), use it at your   *
        *  own risk. This approach is great for fast prototyping,  *
        *  but ensure proper safeguards are in place to prevent    *
        *  misuse or execution of expensive SQL queries by your    *
        *  end users.                                              *
        *                                                          *
        *  If you've assessed the risks, suppress this message     *
        *  using the disableWarningInBrowsers configuration        *
        *  parameter.                                              *
        *                                                          *
        ************************************************************ @ http://localhost:4323/node_modules/.vite/deps/@neondatabase_serverless.js?v=7c5e1c19:4881
[  268318ms] [WARNING]           
        ************************************************************
        *                                                          *
        *  WARNING: Running SQL directly from the browser can have *
        *  security implications. Even if your database is         *
        *  protected by Row-Level Security (RLS), use it at your   *
        *  own risk. This approach is great for fast prototyping,  *
        *  but ensure proper safeguards are in place to prevent    *
        *  misuse or execution of expensive SQL queries by your    *
        *  end users.                                              *
        *                                                          *
        *  If you've assessed the risks, suppress this message     *
        *  using the disableWarningInBrowsers configuration        *
        *  parameter.                                              *
        *                                                          *
        ************************************************************ @ http://localhost:4323/node_modules/.vite/deps/@neondatabase_serverless.js?v=7c5e1c19:4881
[  268318ms] [WARNING]           
        ************************************************************
        *                                                          *
        *  WARNING: Running SQL directly from the browser can have *
        *  security implications. Even if your database is         *
        *  protected by Row-Level Security (RLS), use it at your   *
        *  own risk. This approach is great for fast prototyping,  *
        *  but ensure proper safeguards are in place to prevent    *
        *  misuse or execution of expensive SQL queries by your    *
        *  end users.                                              *
        *                                                          *
        *  If you've assessed the risks, suppress this message     *
        *  using the disableWarningInBrowsers configuration        *
        *  parameter.                                              *
        *                                                          *
        ************************************************************ @ http://localhost:4323/node_modules/.vite/deps/@neondatabase_serverless.js?v=7c5e1c19:4881
[  268318ms] [WARNING]           
        ************************************************************
        *                                                          *
        *  WARNING: Running SQL directly from the browser can have *
        *  security implications. Even if your database is         *
        *  protected by Row-Level Security (RLS), use it at your   *
        *  own risk. This approach is great for fast prototyping,  *
        *  but ensure proper safeguards are in place to prevent    *
        *  misuse or execution of expensive SQL queries by your    *
        *  end users.                                              *
        *                                                          *
        *  If you've assessed the risks, suppress this message     *
        *  using the disableWarningInBrowsers configuration        *
        *  parameter.                                              *
        *                                                          *
        ************************************************************ @ http://localhost:4323/node_modules/.vite/deps/@neondatabase_serverless.js?v=7c5e1c19:4881
[  268319ms] [WARNING]           
        ************************************************************
        *                                                          *
        *  WARNING: Running SQL directly from the browser can have *
        *  security implications. Even if your database is         *
        *  protected by Row-Level Security (RLS), use it at your   *
        *  own risk. This approach is great for fast prototyping,  *
        *  but ensure proper safeguards are in place to prevent    *
        *  misuse or execution of expensive SQL queries by your    *
        *  end users.                                              *
        *                                                          *
        *  If you've assessed the risks, suppress this message     *
        *  using the disableWarningInBrowsers configuration        *
        *  parameter.                                              *
        *                                                          *
        ************************************************************ @ http://localhost:4323/node_modules/.vite/deps/@neondatabase_serverless.js?v=7c5e1c19:4881
[  268319ms] [WARNING]           
        ************************************************************
        *                                                          *
        *  WARNING: Running SQL directly from the browser can have *
        *  security implications. Even if your database is         *
        *  protected by Row-Level Security (RLS), use it at your   *
        *  own risk. This approach is great for fast prototyping,  *
        *  but ensure proper safeguards are in place to prevent    *
        *  misuse or execution of expensive SQL queries by your    *
        *  end users.                                              *
        *                                                          *
        *  If you've assessed the risks, suppress this message     *
        *  using the disableWarningInBrowsers configuration        *
        *  parameter.                                              *
        *                                                          *
        ************************************************************ @ http://localhost:4323/node_modules/.vite/deps/@neondatabase_serverless.js?v=7c5e1c19:4881
[  268319ms] [WARNING]           
        ************************************************************
        *                                                          *
        *  WARNING: Running SQL directly from the browser can have *
        *  security implications. Even if your database is         *
        *  protected by Row-Level Security (RLS), use it at your   *
        *  own risk. This approach is great for fast prototyping,  *
        *  but ensure proper safeguards are in place to prevent    *
        *  misuse or execution of expensive SQL queries by your    *
        *  end users.                                              *
        *                                                          *
        *  If you've assessed the risks, suppress this message     *
        *  using the disableWarningInBrowsers configuration        *
        *  parameter.                                              *
        *                                                          *
        ************************************************************ @ http://localhost:4323/node_modules/.vite/deps/@neondatabase_serverless.js?v=7c5e1c19:4881
[  268319ms] [WARNING]           
        ************************************************************
        *                                                          *
        *  WARNING: Running SQL directly from the browser can have *
        *  security implications. Even if your database is         *
        *  protected by Row-Level Security (RLS), use it at your   *
        *  own risk. This approach is great for fast prototyping,  *
        *  but ensure proper safeguards are in place to prevent    *
        *  misuse or execution of expensive SQL queries by your    *
        *  end users.                                              *
        *                                                          *
        *  If you've assessed the risks, suppress this message     *
        *  using the disableWarningInBrowsers configuration        *
        *  parameter.                                              *
        *                                                          *
        ************************************************************ @ http://localhost:4323/node_modules/.vite/deps/@neondatabase_serverless.js?v=7c5e1c19:4881
[  268567ms] [WARNING]           
        ************************************************************
        *                                                          *
        *  WARNING: Running SQL directly from the browser can have *
        *  security implications. Even if your database is         *
        *  protected by Row-Level Security (RLS), use it at your   *
        *  own risk. This approach is great for fast prototyping,  *
        *  but ensure proper safeguards are in place to prevent    *
        *  misuse or execution of expensive SQL queries by your    *
        *  end users.                                              *
        *                                                          *
        *  If you've assessed the risks, suppress this message     *
        *  using the disableWarningInBrowsers configuration        *
        *  parameter.                                              *
        *                                                          *
        ************************************************************ @ http://localhost:4323/node_modules/.vite/deps/@neondatabase_serverless.js?v=7c5e1c19:4881
[  269793ms] [WARNING]           
        ************************************************************
        *                                                          *
        *  WARNING: Running SQL directly from the browser can have *
        *  security implications. Even if your database is         *
        *  protected by Row-Level Security (RLS), use it at your   *
        *  own risk. This approach is great for fast prototyping,  *
        *  but ensure proper safeguards are in place to prevent    *
        *  misuse or execution of expensive SQL queries by your    *
        *  end users.                                              *
        *                                                          *
        *  If you've assessed the risks, suppress this message     *
        *  using the disableWarningInBrowsers configuration        *
        *  parameter.                                              *
        *                                                          *
        ************************************************************ @ http://localhost:4323/node_modules/.vite/deps/@neondatabase_serverless.js?v=7c5e1c19:4881
[  269818ms] [WARNING] The width(-1) and height(-1) of chart should be greater than 0,
       please check the style of container, or the props width(100%) and height(100%),
       or add a minWidth(0) or minHeight(undefined) or use aspect(undefined) to control the
       height and width. @ http://localhost:4323/node_modules/.vite/deps/recharts.js?v=7c5e1c19:9083
[  269818ms] [WARNING] The width(-1) and height(-1) of chart should be greater than 0,
       please check the style of container, or the props width(100%) and height(100%),
       or add a minWidth(0) or minHeight(undefined) or use aspect(undefined) to control the
       height and width. @ http://localhost:4323/node_modules/.vite/deps/recharts.js?v=7c5e1c19:9083
[  269819ms] [WARNING] The width(-1) and height(-1) of chart should be greater than 0,
       please check the style of container, or the props width(100%) and height(100%),
       or add a minWidth(0) or minHeight(undefined) or use aspect(undefined) to control the
       height and width. @ http://localhost:4323/node_modules/.vite/deps/recharts.js?v=7c5e1c19:9083
[  269819ms] [WARNING] The width(-1) and height(-1) of chart should be greater than 0,
       please check the style of container, or the props width(100%) and height(100%),
       or add a minWidth(0) or minHeight(undefined) or use aspect(undefined) to control the
       height and width. @ http://localhost:4323/node_modules/.vite/deps/recharts.js?v=7c5e1c19:9083
[  269819ms] [WARNING] The width(-1) and height(-1) of chart should be greater than 0,
       please check the style of container, or the props width(100%) and height(100%),
       or add a minWidth(0) or minHeight(undefined) or use aspect(undefined) to control the
       height and width. @ http://localhost:4323/node_modules/.vite/deps/recharts.js?v=7c5e1c19:9083
[  269820ms] [WARNING] The width(-1) and height(-1) of chart should be greater than 0,
       please check the style of container, or the props width(100%) and height(100%),
       or add a minWidth(0) or minHeight(undefined) or use aspect(undefined) to control the
       height and width. @ http://localhost:4323/node_modules/.vite/deps/recharts.js?v=7c5e1c19:9083
[  269910ms] [WARNING]           
        ************************************************************
        *                                                          *
        *  WARNING: Running SQL directly from the browser can have *
        *  security implications. Even if your database is         *
        *  protected by Row-Level Security (RLS), use it at your   *
        *  own risk. This approach is great for fast prototyping,  *
        *  but ensure proper safeguards are in place to prevent    *
        *  misuse or execution of expensive SQL queries by your    *
        *  end users.                                              *
        *                                                          *
        *  If you've assessed the risks, suppress this message     *
        *  using the disableWarningInBrowsers configuration        *
        *  parameter.                                              *
        *                                                          *
        ************************************************************ @ http://localhost:4323/node_modules/.vite/deps/@neondatabase_serverless.js?v=7c5e1c19:4881
[  269910ms] [WARNING]           
        ************************************************************
        *                                                          *
        *  WARNING: Running SQL directly from the browser can have *
        *  security implications. Even if your database is         *
        *  protected by Row-Level Security (RLS), use it at your   *
        *  own risk. This approach is great for fast prototyping,  *
        *  but ensure proper safeguards are in place to prevent    *
        *  misuse or execution of expensive SQL queries by your    *
        *  end users.                                              *
        *                                                          *
        *  If you've assessed the risks, suppress this message     *
        *  using the disableWarningInBrowsers configuration        *
        *  parameter.                                              *
        *                                                          *
        ************************************************************ @ http://localhost:4323/node_modules/.vite/deps/@neondatabase_serverless.js?v=7c5e1c19:4881
[  269911ms] [WARNING]           
        ************************************************************
        *                                                          *
        *  WARNING: Running SQL directly from the browser can have *
        *  security implications. Even if your database is         *
        *  protected by Row-Level Security (RLS), use it at your   *
        *  own risk. This approach is great for fast prototyping,  *
        *  but ensure proper safeguards are in place to prevent    *
        *  misuse or execution of expensive SQL queries by your    *
        *  end users.                                              *
        *                                                          *
        *  If you've assessed the risks, suppress this message     *
        *  using the disableWarningInBrowsers configuration        *
        *  parameter.                                              *
        *                                                          *
        ************************************************************ @ http://localhost:4323/node_modules/.vite/deps/@neondatabase_serverless.js?v=7c5e1c19:4881
[  270049ms] [WARNING]           
        ************************************************************
        *                                                          *
        *  WARNING: Running SQL directly from the browser can have *
        *  security implications. Even if your database is         *
        *  protected by Row-Level Security (RLS), use it at your   *
        *  own risk. This approach is great for fast prototyping,  *
        *  but ensure proper safeguards are in place to prevent    *
        *  misuse or execution of expensive SQL queries by your    *
        *  end users.                                              *
        *                                                          *
        *  If you've assessed the risks, suppress this message     *
        *  using the disableWarningInBrowsers configuration        *
        *  parameter.                                              *
        *                                                          *
        ************************************************************ @ http://localhost:4323/node_modules/.vite/deps/@neondatabase_serverless.js?v=7c5e1c19:4881
[  270288ms] [WARNING]           
        ************************************************************
        *                                                          *
        *  WARNING: Running SQL directly from the browser can have *
        *  security implications. Even if your database is         *
        *  protected by Row-Level Security (RLS), use it at your   *
        *  own risk. This approach is great for fast prototyping,  *
        *  but ensure proper safeguards are in place to prevent    *
        *  misuse or execution of expensive SQL queries by your    *
        *  end users.                                              *
        *                                                          *
        *  If you've assessed the risks, suppress this message     *
        *  using the disableWarningInBrowsers configuration        *
        *  parameter.                                              *
        *                                                          *
        ************************************************************ @ http://localhost:4323/node_modules/.vite/deps/@neondatabase_serverless.js?v=7c5e1c19:4881
[  270527ms] [WARNING]           
        ************************************************************
        *                                                          *
        *  WARNING: Running SQL directly from the browser can have *
        *  security implications. Even if your database is         *
        *  protected by Row-Level Security (RLS), use it at your   *
        *  own risk. This approach is great for fast prototyping,  *
        *  but ensure proper safeguards are in place to prevent    *
        *  misuse or execution of expensive SQL queries by your    *
        *  end users.                                              *
        *                                                          *
        *  If you've assessed the risks, suppress this message     *
        *  using the disableWarningInBrowsers configuration        *
        *  parameter.                                              *
        *                                                          *
        ************************************************************ @ http://localhost:4323/node_modules/.vite/deps/@neondatabase_serverless.js?v=7c5e1c19:4881
